,text,sentiment,sentimentclass
0,cnni despot dictat go trend senat congress whitehous impeachmentinquiri,0.0,Neutral
1,astrolog america firstev 1868 httpstcobcmifb90pr cosmic echo,0.0,Neutral
2,bryanbehar like analog betatest usa constitut,0.0,Neutral
3,day final becom preced,0.0,Neutral
4,lubonlez anoth day sinc ten thousand californian evacu home disastr wildfir ye,0.0,Neutral
5,support rnc donat share trumppenc 2020,0.0,Neutral
6,repgosar thank back potu recogn wethepeopl vote honor decis httpstcov4uuextbud,0.0,Neutral
7,morphonio tim morrison top white offici rais concern manipul ukrain person advantag tr,0.25,Positive
8,deetwoc let republican hang want cross parti die keep march,0.0,Neutral
9,dkthomp signatur legisl achiev corporatetaxcut sign 2017or trumptaxscam httpstcohhve9r6p6x,0.0,Neutral
10,goplead republican weak weak parti laid long ago obama bit sad httpstcouxp1ixqpa,-0.325,Negative
11,wapodeathnotic albaghdadi stage baghdadi bagdadi anon donaldjtrumpjr creepyjoebiden win httpstco48q3e2z2f8,0.8,Positive
12,your wife sir gtconway3d kellyannepol uspoli ukrain impeachmentvot httpstcobwv9fo2mbm,0.0,Neutral
13,white offici ramp new tax cut talk seek sharp contrast 2020 wapo httpstcoh4q4ih2o7c,0.0037878787878787845,Positive
14,letsbefrank charliekirk11 never order ask investig 2016 interfer hillari ask investig opp,0.0,Neutral
15,queen66snow countri cant wait 2020elect decid need remov offic h,0.0,Neutral
16,republican see describ lot 1998 httpstcomjmijamfev,0.0,Neutral
17,outrais kamalaharri california wed oct 23 2019 daniel greenfield share facebook128kshar httpstconbjiozpl5o,0.0,Neutral
18,rudygiuliani need appl geniu help unlock iphon name cybersecur advis call httpstcor5koi2ne3u,0.0,Neutral
19,anadoluag divid formal inquiri 232196 set rule futur proceed,0.0,Neutral
20,potu thursdaythought thursdaymotiv whitehous plea cleanup chang donaldtrump httpstcov4j3bkenm6,0.0,Neutral
21,wethepeoplemajor vote 16will decid 2020 least know en httpstcobt3lyjof7m,-0.3,Negative
22,tast hate flesh noth el hate gop thedemocrat httpstcowl99pazeyn,-0.8,Negative
23,doggintrump believ absurd commit atroc trumpbetrayedthekurd republican impeachdonaldtrumpnow,-0.5,Negative
24,go amaz oath lie everyth basiclli catch lie httpstcobw5tkyy2li,0.0,Neutral
25,tri bribe wouldnt briber what gop supportragainst ongo ab httpstcozeyetqjzbq,0.0,Neutral
26,real top help bottom save money femtop outpourlgbtq outpourtransl outpour phillylgbtq philli httpstcoutz2bpbdmk,0.75,Positive
27,got wish secreci thing go public your right nixon httpstco2sgaucbbq4,0.14285714285714285,Positive
28,dream last night want boyfriend tri desper avoid terrifi nightmar,0.0,Neutral
29,dxoconnor chanc congressman last name mccarthi would vehement defend presid bid,0.0,Neutral
30,impeachmentinquiri go make even unhing crazi shit go next,-0.1,Negative
31,giuliani associ tie ukrain scandal want better bail condit oct 31 1249 pm et httpstco0uyu553s2a,0.5,Positive
32,andyostroy waitar gaslight tweet fake photo make look like real ceremoni,-0.15,Negative
33,chanc african presid impeach like cobbo3 rnagila fauzkhalid ieakwam,0.0,Neutral
34,mediait nicolledwallac surpris extort goto game,-0.4,Negative
35,inquiri watch httpstcob0fatmbxt4 uspolit potu democraci,0.0,Neutral
36,potu senatemajldr thursdaythought thursdaymotiv whitehous plea cleanup httpstcoesqq7bt15k,0.0,Neutral
37,mayawiley pelosi right need 2 impeach noth celebr 1 republican vote ignor rule eviden,0.2857142857142857,Positive
38,kenmatthew ken would one exampl mainstream medium cover scandal involv de httpstcorfbbjslden,0.0,Neutral
39,occur halloween drew familiar tweet greatest witch hunt american httpstcoqy7cu0tpbn,0.4583333333333333,Positive
40,poor babi narcissist mind everyth fine anybodi say otherwis httpstco4oh8mbl0mb,0.008333333333333331,Positive
41,continu commit briberi impeachandremovetrump impeachmentiscom gop liar traitor thiev httpstcogh8anprj28,0.0,Neutral
42,resist4lyf adamparkhomenko damn crimin godit insidi,0.0,Neutral
43,thecrewsdad stop lie your tri discredit make agruement seem valid ive boycot joe httpstcortaeia0l6p,0.0,Neutral
44,noobstruct day 40 uniti ride 135 fb 4 r james7303 allen4trump2020 sissy4trump tessy4trump4rd2 jamesjdauto n,0.0,Neutral
45,also rapist jefferson impeach httpstcoixtdcjvw4w,0.0,Neutral
46,let sum despit evid illeg misconduct corruptgop still support httpstcoze9dwfm487,0.0,Neutral
47,fladem barg secur brief disregard subpoena republican proven invest,0.0,Neutral
48,neverwasabot arnoldpeterso13 true howev still outrag theyr deni due process railroad,0.11249999999999999,Positive
49,shelaghfogarti well well well farag borisgetsament lbc httpstconzk9ly5e04,0.0,Neutral
50,huh look like jackass think costum shop command crap toilet b httpstco3ciad7gzxk,-0.4444444444444445,Negative
51,lubonlez ok jack handl tweet replet polit advertis behalf gop,0.5,Positive
52,alquraishi isi gentleman httpstcopgak2w7xfx,0.0,Neutral
53,go play golf duchebag still theyll lock lockhimup,0.0,Neutral
54,ntenzer abrupt withdraw order forc pentagon speed plan riski raid abil control troo,-0.125,Negative
55,current circumst still 85 gop support man say mani danger httpstcooisshxzcqv,0.0,Neutral
56,texarkanafantom wapodeathnotic albaghdadi stage baghdadi bagdadi anon donaldjtrumpjr creepyjoebiden win draintheswamp,0.8,Positive
57,conservamomusa espionag jim_jordan ask colonel vindman share readout potu call withrepadamschiff shut,0.0,Neutral
58,nanci pelosi defend inquiri say sworn duti congress httpstcotc6utnegzi httpstcohk1hsb4jvx,0.0,Neutral
59,kellyannepol one expect extort ukrain bebest,0.0,Neutral
60,navy26vet joeborellinyc erinmdurkin maggienyt real advoc courtroom mop floor lawyer abstain lipservic,0.2,Positive
61,etanthomas36 attempt bounc back boo bird shower worldseri appear game 7 campaig,-0.2,Negative
62,sirhublif gelicmonkey think go let sham play know k httpstcoaotogy03ag,-0.2,Negative
63,andyostroy let get straight your shitstorm medium deep st,0.1,Positive
64,ipompeul american malinoi sheepdog nice town belgium idiot conan baghdadi httpstco,-0.0666666666666667,Negative
65,kanyewest god noth tax break poor suffer man karma bitch,-0.4,Negative
66,dem lie abound lie schiff star wit alexand vindman tie ukrainian arm dealer ukrainian oil httpstcopq8ghzjrcl,0.0,Neutral
67,rudi giuliani oneman wreck crew httpstcougftqhwqy5 isi benladen trumpthekidswerecri httpstcog4llim6eri,0.0,Neutral
68,wast time dog potu tweet fake photo hero dog get medal httpstcofcqocrcqi,-0.5,Negative
69,thejohnfemia 2 billionair alreadi bought sold congress mean absolut noth bullshitimpeach,-0.3125,Negative
70,uschina work new site sign phase 1 trade agreement 60 total deal tba soon presi httpstco9zzt0ruco7,0.06818181818181818,Positive
71,vivianleal123 dogpollen inhealthpolici side american taxpay fleec med cost,0.0,Neutral
72,barg secur brief disregard subpoena republican proven httpstcotqjlimoqra,0.0,Neutral
73,statement press secretari pelosi pelosimeltdown pelosiimpeachmentfarc httpstco9nqa57lnld,0.0,Neutral
74,englishalwaght tweet fake photo hero dog get medal httpstco1ed9bk5ui httpstco2r2pypbeo1,-0.5,Negative
75,hope houseofrepres impeachtrump acquit senat httpstcoxwcsr4ciu,0.0,Neutral
76,ye never go happen know huge armi httpstcoxcrabznbj2,0.4000000000000001,Positive
77,realli joke babi httpstcoslinvzpqx6,0.0,Neutral
78,saskamar america honeybadg danscavino gqforb thelastrefuge2 makeamericagreatagain httpstco,0.0,Neutral
79,stonekeeper3 magaloveretirednikitamso true other block hadnt initi itonc awarethey took,0.11249999999999999,Positive
80,joefaz reckless illeg open public land oil compani without consid human environment c,0.0,Neutral
81,hoax real feebl attempt use thedemocrat scapego httpstcoud3h2th6xq,0.2,Positive
82,deadder dont condon alter work way macjbbi sent privat dm thought pretti good clea,0.7,Positive
83,ein_new ugli christma sweater go everywher year christma christmas2019 christmasiscom impeac,0.0,Neutral
84,world get rare view narcissist mind fascin babi batshitcrazypotu httpstconfxjucz4pp,0.3,Positive
85,one want notic includ fundrais repgosar sale shame httpstcoblmijrl5wf,0.0,Neutral
86,mightybusterbro everyth havent heard lemon hateon kayn explos must watch video kaynewest donlemo,0.0,Neutral
87,there noth phone script impeach minor leader mccarthi httpstcodogpkkvkmk,-0.05,Negative
88,100 vote republican repres major victori 100 agr httpstcojpn6cixsmf,0.0625,Positive
89,ap american demand congress fix america problem done sinc gain h httpstco9f7smaejfq,0.0,Neutral
90,steve scalis almost die wacko leftist influenc wacko push httpstco41wvirjyrq,-0.05,Negative
91,intern summit xi plan sign trade deal suddenli cancel httpstcojqvowwdanr,0.0,Neutral
92,process start roll major vote resolut regard,0.0625,Positive
93,outerspacemanii margaretcox2299 capatosta122 joemanchin westvirginian favor ye need better retir benef,0.5,Positive
94,the_hindu formalis process landmark,0.0,Neutral
95,iahr color coordin crew httpstco7amleufbba benladen trumpthekidswerecri idlib bidladen httpstcos9idgcdvfc,0.0,Neutral
96,white cybersecur advis rudygiuliani forgot iphon password went appl store httpstcoapaue9hhxm,0.0,Neutral
97,dogpollen inhealthpolici side american taxpay fleec med cost httpstcodgjsehopu3,0.0,Neutral
98,spineless gop find someth someon el cri push fals blame instead hold httpstcogdtok2eeni,0.0,Neutral
99,zaharako run rampant crimin enterpris sure isnt cheap ukrain wedid corrupt gop corruptgop impea,0.13333333333333333,Positive
100,stwuk nation demonstr nato httpstcozzkdv6mxwz httpstcoes0ydkmpx5,0.0,Neutral
101,vabvox way vote,0.0,Neutral
102,pollsofpolit think worri plea retweet spread poll thank everi,0.0,Neutral
103,isil propaganda arm amaq news agenc confirm baghdadi death 31 octob announc abu ibrahim alhash httpstcoxfrddmo6p4,-0.1,Negative
104,joerav get extrem graphic describ death abubakralbaghdadi colbertlateshow stephenathom potu reveal,0.0,Neutral
105,rig rudeillmanneredgross way clewandowski_ agbarr spoke congress wit deplor httpstcogcavr1cf3n,0.0,Neutral
106,watchdog rais red flag administr steel aluminium tariff exempt process httpstcowzmbeaxjkb,0.0,Neutral
107,presscoreca what trumpukrain scandal russia nord stream 2 natur ga pipelin eu bypass ukrain ukrain stan,0.0,Neutral
108,repli ivanka experi hath shown even best form govern entrust httpstcomgtvlyjr3f,1.0,Positive
109,goplead sinc welcom interfer elect moscowmitchtraitor block httpstcou2wucrlmcb,0.8,Positive
110,johnkingcnn ye call long time bcz deserv long time,-0.05,Negative
111,obama2014europ watch live presid present medalofhonor httpstco8imi9iyoo8,0.06818181818181818,Positive
112,donald steal democraci american use path dispos tur httpstco7pany1mdzj,0.0,Neutral
113,ryanjen52306022 rep michael waltz warn consequ betray syrian kurd allow condit b,0.0,Neutral
114,potu news slam witch hunt news httpstcomufqtk2ezg,0.0,Neutral
115,kevinmccarthi think kevin read major leader colleagu 2016 think httpstcojkajvpobqd,0.0625,Positive
116,noobstruct day 43 uniti ride twgrp trump2020 147 fb 4 r jamesjdauto americanfirst20 michaelpoppo0 merlins_g,0.0,Neutral
117,everi american get chanc see everi wit committe depos httpstcoronxekiqjo,0.0,Neutral
118,andyostroy theonion donaldtrumpjr wish name hunterbiden could go abroad make million father pre,0.0,Neutral
119,angelabelcamino today brought world number one traitor justic sick httpstcozn0c3ukzcg,-0.7142857142857143,Negative
120,vote formalis inquiri repres pas resolut fo httpstcofk1v9qnzk0,0.0,Neutral
121,thursdaythought thursdaymorn repandybiggsaz individu russiancollus hoax come httpstcovxcknkoyuo,0.0,Neutral
122,democtat march cliff oblivion latest process httpstco53tdru6rhl,0.5,Positive
123,inquiri weve learn far httpstcoqtbyzftje3,0.1,Positive
124,interest look like speakerpelosi donothingdem care impeachmentinquiri httpstcobdw5yvm26c,0.0,Neutral
125,goplead two join housegop vote sham thank god dam break expect httpstcobsix9uoygm,-0.2,Negative
126,sotomakealongstoryshort lone republican men boy prefer favorit pumpkin carv stencil httpstcotgm3xxsha0,0.0,Neutral
127,poisonedmarin tinmp721 jjsmokkieboy57 make easier split half four page per day im sure even support,0.16666666666666669,Positive
128,impeachmentinquiri worldserieschamp join nba warriorsst wnba washmyst other champi httpstcorkugrmmagt,-0.125,Negative
129,zaharako evolv gop talk point quid pro quo kid fight corrupt quid pro,-0.5,Negative
130,bjork55 kentucki coal mine museum harlan counti switch solar power httpstcosim1omgb1f coal ironi climatechang,0.0,Neutral
131,whitehous republican profit follow treator face problem usa alon without httpstco8eigpj8qmn,0.0,Neutral
132,trumpkingofthe1 acyn gop protect playbook 1 put barr justiceex bush war crimin atti 2 say quid pro quo,0.0,Neutral
133,billmah would give sex peopl rest life guarante httpstcowgnyatcxlh,0.0,Neutral
134,andyostroy that damn good thing el think elect probabl 2020,0.75,Positive
135,cnn cant wait 2 find realli trumpsupport scare hell 2 go trash httpstcopwakyp6yp,0.0,Neutral
136,thomas_drake1 realitywinn turn crimin admin sig espionag case blow whistl 16 elect interfer kept,0.8,Positive
137,voiceofresista1 tel tamir front sdf fighter say turkish armi russian armi american armi syrian armi,0.0,Neutral
138,april_hamon topinfoblog speakerpelosi repadamschiff start fuss got httpstcothlfxpluj9,0.0,Neutral
139,isis announc new leader mean accept death baghdadi baghdadi idlip,-0.08806818181818182,Negative
140,jordabella rmlewellen kellyannepol like perfect phone call extort ukrain bebest,1.0,Positive
141,goodby httpstco6ifn0faxrw congress vote impeach thank lord httpstcolb7kchxhp6,0.0,Neutral
142,mayawiley shouldnt make fun anyon struggl technolog problem qualif natl secur thin,-0.05000000000000002,Negative
143,essenview abl get away extort ukrain steal anoth electio httpstco6njrmciptw,0.0,Neutral
144,doubl lie lbc nice nigelfarag brexitriot brexitday brexit impeachdonaldtrumpnow httpstcodcdye2oqsc,0.6,Positive
145,ariadneboudicca rudygiuliani need appl geniu help unlock iphon name cybersecur advis call,0.0,Neutral
146,adamschiff empower act httpstcoj3fua1hgkt gtengin railroad impeachmentinquiri httpstcooyqxw6cmku,0.0,Neutral
147,move step closer impeach fabul christma present would trumpisacrimin httpstcow9jjpx224b,0.0,Neutral
148,magalovedavid_in_dalla happen kidsthey r tryin mandat vaccin r bein httpstcogwtjmf0zrh,0.0,Neutral
149,bmartin1776 circu go right bc lazi voter sat home midterm electionswho chose give de,0.2857142857142857,Positive
150,ejdionn fact numer cabinet offici corrupt scheme well placin,-0.5,Negative
151,atrupar mayb goplead taken time prepar statement instead c httpstcoumeldsqp9r,0.0,Neutral
152,chatbycc transcript make clear guilti attempt interfer upcom httpstco0aytzbrra1,0.10000000000000002,Positive
153,mog7546 morrison top russia europ advis nsc expect corrobor testimoni diplomat last,0.25,Positive
154,thursdaythought thursdaymorn trumpwarroom fair process open process httpstcof1dq5voy,0.35,Positive
155,sometim look what trend understand johnson morrison got vote httpstcos61yozdicd,0.0,Neutral
156,angelabelcamino aoc trust aoc isnt own anybodi especi,0.6,Positive
157,attack joe biden turn littl red ride hoodgop thedemocrat httpstcoc2ivdsvctg,0.0,Neutral
158,slmhktn_eng isis announc new leader mean accept death baghdadi baghdadi idlip,-0.08806818181818182,Negative
159,w7voa whitehous potu stupid slam yet ignor possibl read httpstco8yuhq4kpdz,-0.7999999999999999,Negative
160,2big2fail send russia httpstcowipqo3mljv,0.0,Neutral
161,t183rdehlook see name cast shadow famelet known today hocu pocu name httpstcoistesdomj,0.0,Neutral
162,stevescalis sovietstyl procedur realli soviet process idioci httpstcocfkdm5cmw,0.0,Neutral
163,mytrumpland repgabbard hrc legaci focu record maga legaci peopl care save breath,0.0,Neutral
164,boy cri wolf everi chanc got httpstcoe3gjacgwv0 nra kag2020 covfef,0.0,Neutral
165,growth slow 19 economi fall short targetbias fakenew npr downplay stro httpstcoykv9ut7ugj,-0.15000000000000002,Negative
166,hey greatest witch hunt halloween couldnt time better httpstco15lapbyzkd,0.75,Positive
167,vjkutz lizcheney_wi wrong potu crimin support crime mount evid wil,-0.5,Negative
168,ndtv breakingnew formal process landmark news agenc afp httpstcofbzw6mr9q,0.0,Neutral
169,true scene dark noon favorit part book koestler realli captur httpstcocn1vg98tm,0.09999999999999999,Positive
170,hilari hilarityensu farag coupleofcretin httpstcocyufrsdaua,0.0,Neutral
171,dearauntcrabbi dare lectur american joenbc put maga bullshit everi damn day locker,0.0,Neutral
172,church143 dark_red_hair listen dark red hair noth done made chang busi usual stand unit,-0.13333333333333333,Negative
173,minggao26 tbbrame pcmag protect 2020elect,0.0,Neutral
174,love good festiv witch hunt halloween happyhalloween witchhunt impeachandremov httpstcorz9p4e5jrt,0.6,Positive
175,break impeachmentvot pas inquiri move httpstcojrthl91xum via youtub,0.0,Neutral
176,ananavarro offspr actual work live also dont drug screw dead brother wif httpstcoa2eqcld7xr,-0.02121212121212122,Negative
177,potu thursdaythought thursdaymotiv whitehous plea cleanup chang donaldtrump httpstcoij8bchoelz,0.0,Neutral
178,donaldjtrumpjr your idiot incom dad busi scam realli blind tha httpstcodxoi0umfnd,-0.65,Negative
179,transatlant allianc increasingli nonatlant world eu brexit httpstcozq8l8lyhqa httpstcobpxgrpuxqd,0.0,Neutral
180,andyostroy let perfectli clear repub want identifi whistleblow find info,0.10000000000000002,Positive
181,thenewsbadg plea answer poll work larg sampl size would great watch,0.8,Positive
182,beat hillari primari aint sayin much beat hildebeast quit handili justsay kag httpstcoterr108lyz,0.2,Positive
183,corrupt polit start never seen,-0.5,Negative
184,kimguilfoyl inquiri inquisit 2020,0.0,Neutral
185,let clear surpris senat control republican vote pattern would httpstcosxsntcwgoz,0.10000000000000002,Positive
186,timcolicchio gop foxnew viewer plea tri understand damag done classic gop parti valu fiscal c,0.16666666666666666,Positive
187,williamfreimuth essenview abl get away extort ukrain steal anoth elect,0.8,Positive
188,dickyspark jimmfelton realdavedoubleu listen duffer wast energi mani level farag,0.0,Neutral
189,h8wankmaggot45 donat provid idiot basic english educ must come somewher el httpstcoojpbozdh02,-0.26666666666666666,Negative
190,fact numer cabinet offici corrupt scheme well httpstco2otmpjjz4u,-0.5,Negative
191,polit leader today realli get amongst live cocoon bubbl real world exposur limit httpstcoprp9ssckvd,0.16818181818181818,Positive
192,formal process landmark httpstco93dtkreko9,0.0,Neutral
193,jasminegolden_ hard time believ epstein murder first tri commit suicid two week prior second,-0.010416666666666671,Negative
194,tweet fake photo hero dog get medal httpstco1ed9bk5ui httpstco2r2pypbeo1,-0.5,Negative
195,fantast episod majorityfm go right stick liber medium ryangrim maga httpstcourmltdnbdh,0.2857142857142857,Positive
196,your distract wake admin expect roll back regul limit emiss dangero httpstcoatxty212cq,0.0,Neutral
197,dcory2020 day 2019 today politico report reward sencorygardn thomtilli senjoniernst th,0.0,Neutral
198,read donald read edit worst part even without prove httpstcoc5ag1h4njx,-1.0,Negative
199,excit share latest addit etsi shop stabl geniu dumb thing say cotton tshirt httpstco5vivi0znta,0.0625,Positive
200,break vote along parti line approv sham resolut two dem measur httpstcoibi08h2egq,-0.2,Negative
201,collinpeterson appar work hard protect housevot,-0.2916666666666667,Negative
202,formalis process landmark httpstcoutvvzdjwc0,0.0,Neutral
203,analys trumpworld visualis ownership relat busi network rstat networkanalysi httpstcozdstwjlgbn,0.0,Neutral
204,andyostroy never trumper wit decor war hero purpl heart serv countri honora,0.0,Neutral
205,complaint witchhunt halloween ironi httpstcoctr2lcxkj1,-0.3,Negative
206,post fake photo read report httpstcol9elfqqnzq isi baghdadi httpstcocbg1jauxkl,-0.5,Negative
207,civil insurrect fool lol go ball game put jail fool httpstcomjmb5tjpsq,0.10000000000000002,Positive
208,today brought world number one traitor justic sick deprav man httpstco9zvjoxdfeo,-0.7142857142857143,Negative
209,newcounterpoint potu give much credit let hear thought cartoon deadder dont forget,0.2,Positive
210,scari thought halloweenthink democraci would taken back httpstcoyfiati3who,0.0,Neutral
211,ravmabay happyhalloween dont forget must boo thursdaythought impeachmentvot,0.0,Neutral
212,kanye51891122 cant win first biden critic celebr nation cat day nation dog day say lot abou,0.525,Positive
213,scoop via washingtonpost ericawern jdawsey1 jstein_wapo want new taxcut presidenti httpstcolrronflxsj,0.13636363636363635,Positive
214,economictim pas resolut lay formal rule probe httpstcolehom0gsdu httpstc,0.0,Neutral
215,frankbullit67 demonstr geniu move made sinc cannot bomb sanctuari turkey nato memb,0.0,Neutral
216,theiddm dungeonsdonald best parodyaccount,1.0,Positive
217,one new poll number suggest base isnt crack httpstcosiipkr2f7d,-0.33181818181818185,Negative
218,former ny med examin epstein murder point evid justiceforkatiejohnson jeffreyepstein httpstcorqah7prypa,0.0,Neutral
219,kevin mccarthi dumb donald forgot get bj impeachdonaldtrumpnow gopcomplicit youmad magamoron httpstcoeoxojpocmt,-0.375,Negative
220,dashboard trickortreat httpstcot4tkbsbukx,0.0,Neutral
221,mayawiley opportun mount defens trial assert 5th amend right silent n,0.14285714285714285,Positive
222,must watch absolut hilar obama httpstcoewu74huxop,0.0,Neutral
223,claim cant conflict interest even back host g7 hotel echo httpstcoz33dp2grko,0.0,Neutral
224,boston lobbyist larri raski kick gear pal joe biden flip super pac support httpstcoujd2ehetgh,0.3333333333333333,Positive
225,reaganremn thank judg andrew napolitano proof impeach offens plain see judgenap foxnew,-0.21428571428571427,Negative
226,tribulationth dem lie abound lie schiff star wit alexand vindman tie ukrainian arm dealer ukrainian oil g,0.0,Neutral
227,andyostroy jeez stevescalisehow look lie weak feckless cowardli asskiss face mirror everi day trum,-0.375,Negative
228,river_lover4 still dont believ govern mockingbird msm organ implement coup remov,0.0,Neutral
229,libertytarian surpris impeachmentinquiri rule pelosi fix w rule today rule,0.0,Neutral
230,singl biggest threat right public opinion publicopinion httpstcopuqidemgt,0.14285714285714285,Positive
231,calideplor chosen born bless time fight america potu readi fight light,0.4,Positive
232,lyndabloom b52malmet whereistheimpeachtruck impeachmenttaskforc plea find truck everi usa citi visit,0.0,Neutral
233,hey gop got ask come impeachtrumppencebarrpompeo moscowmitch httpstcodpcruxerjc,0.0,Neutral
234,zeusfanhous gop rep file ethic complaint schiff process distort call w ukrainian pre z,-0.3,Negative
235,cm_merlin sesamestreet traitortrump fakepresid sesam street mock sinc 1988 b,0.0,Neutral
236,oil oott wti say new locat sign phase one uschina trade deal announc soon httpstcokqmvhh2rnf,0.13636363636363635,Positive
237,vote today destroy constitut effort impeach,-0.2,Negative
238,rt_com background die like dog like coward describ graphic death isi leader albaghdadi read http,0.0,Neutral
239,oh extrump advis arriv testifi inquiri httpstcohiaigkbvi2,0.0,Neutral
240,vote formalis inquiri bbc news httpstco9ui1gyefq,0.0,Neutral
241,tribulationth one whistl blower realli realclear investig suggest whistleblow like 33yearo,0.0,Neutral
242,inquirycsa fbi uklabour potu hrw coe rt_com tommysheppard rt_com show side saw long time ago httpstcol7zvcx2ywk,-0.05,Negative
243,impeachmentvot pre becom offici bring httpstco22xlnkmgdi,0.0,Neutral
244,hell magabolndes2020 kag2020 httpstcocqi5qsatf8,0.0,Neutral
245,rutherfordrock hey gang your gonna believ jeffreyepstein may kill oh also gymjordan may hav,0.0,Neutral
246,citizensar stevebannon inquiri war room presid mindset program listen siriusxm warr,0.0,Neutral
247,trumped_in_2020 amymek potu candaceowen oann foxnew donald j 2020 obama,0.0,Neutral
248,markpusbucket guess quit smoke today maga trump2020 httpstcoivchevgw8d,0.0,Neutral
249,steven_pif administr polici seek derogatori inform foreign govern possibl 2020 elect opp,0.3375,Positive
250,ah ye evil scheme devi 2020elect httpstcoiwwpmkocsx,-1.0,Negative
251,ivankatrump countri 2019 httpstcotx2jfeopbz,0.0,Neutral
252,emolclaus ivankatrump sadli unlik thoma jefferson everi word fall lip l,0.0,Neutral
253,repost donaldtrump_2020 thank maga kag usa donaldtrump trump2020 republican httpstcogmvzm1w71,0.0,Neutral
254,real923la let clear dont care dress support wea httpstco3bd4icvwqm,0.10000000000000002,Positive
255,888_shawn ap could u imagin r allow impeach would mean everi presid come im,-0.3125,Negative
256,dcreportmedia even victori graceless boor httpstcokr0as5md2w albaghdadi,0.0,Neutral
257,proceed call orang crush impeachmentinquiri impeachtrump,0.0,Neutral
258,best peopl httpstco3rvwismdz0,1.0,Positive
259,state 4 vote author next stage inquiri fierc object 3 httpstcos9x6qhnrbu,0.0,Neutral
260,guy ya gonna accept fox harri arent root team httpstcoe9nkkukg8r,0.0,Neutral
261,lie cheat much republican leader medium sane peopl kid live lie un ap aclu,0.16818181818181818,Positive
262,freepressokc repkendrahorn favor process httpstcorjnukys9sw http,0.0,Neutral
263,school princip fire say cant say holocaust factual event httpstco3eubjjgdvw httpstcoutbrz7pbmn,0.0,Neutral
264,noobstruct day 45 uniti ride molonlab 159 fb 4 r aliatra1968 jmccollum06 argelio_leon redreal james7303 r,0.0,Neutral
265,even victori graceless boor httpstcokr0as5md2w albaghdadi,0.0,Neutral
266,lie lie lie fiction get dramat time httpstco7amleufbba benladen httpstcoak0clhrbxr,0.0,Neutral
267,recent tweet 2 hour ago period,0.0,Neutral
268,acyn gop protect playbook 1 put barr justiceex bush war crimin atti 2 say quid pro qu httpstcoxnsvksw45x,0.0,Neutral
269,timand2037 militari arriv hasaka region steal syrian oil militari vehicl arriv ne syria partial withdra,-0.1,Negative
270,afbranco af branco cartoon theresist httpstcoifmvjjpjc8 albaghdadi baghdadi isisleaderdead httpstcopd6erd,0.0,Neutral
271,basebal enlighten write dancubia mlb httpstcom4wwifn1lq,0.0,Neutral
272,rbnewsman problem pelosi schumer thesquad problem liber conserv maga ar,0.0,Neutral
273,independentxgop thank justinamash sad need remindedshamefullyin era corrupt welcomedena,-0.5,Negative
274,pollsofpolit think beat win senat hold 3 2020electio,0.8,Positive
275,rememb billclinton came lot closer deserv fat ladi isnt sing httpstcot3pwpu3emd,0.0,Neutral
276,trumptweets2020 congratul washington nation win staff said dont tri take creditbut fact fact,0.8,Positive
277,wait apprenticepresid email among list httpstcotirxzzvz7i,0.0,Neutral
278,jimmfelton realdavedoubleu listen duffer wast energi mani level farag,0.0,Neutral
279,manchin say wouldnt back sander presidenti race httpstcokbyhhdbeha thursdaythought httpstco3jzmzwa0h4,0.0,Neutral
280,river_lover4 shiftyschiff stop whistleblow ltcol vindman answer share highli classifi transcript,0.0,Neutral
281,corrupt end offer million senat ernst gardner tillisdid hear someon say brib httpstcockznaehbvw,-0.5,Negative
282,svenskaflicka29 kgkathryn gaetz drug,0.0,Neutral
283,realli goplead kevinomccarthi serious dont think countri alreadi divid httpstcomaqo0rkwcl,-0.3333333333333333,Negative
284,jonflan one want job bad lose soul career digniti possibl famili httpstcowd0xq73080,-0.6999999999999998,Negative
285,phillipmbailey mattbevin louwestend campaign event secretarycarson im told medium isnt allow insi,0.0,Neutral
286,wionew newsalert usa congress formal open new public phase corrupt investig donald trumpimpea,-0.09090909090909091,Negative
287,sewwutnow hate anti ppl countri tomhank wandasyk stephencolbert woodyallen barackoba,-0.8,Negative
288,effort pas first test split congress httpstcon0bfntk3d9,0.25,Positive
289,barbsmithdavi count bless dem took back otherwis would still dark crime bc,-0.075,Negative
290,siwel17j36cf break impeachmentvot pas inquiri move httpstcojrthl91xum via youtub,0.0,Neutral
291,told perfect call truth wh advisor warn presid someth wro httpstco3iwimggk2h,1.0,Positive
292,pas resolut lay formal rule probe httpstcolehom0gsdu httpstcouilgagkwm0,0.0,Neutral
293,littl acorn jr man born home plate certain hit 5run homer hisself sad ukrain httpstcorvbzpbgnqv,-0.14285714285714285,Negative
294,brilliant look like take bite httpstcopqnzjj7bup,0.9,Positive
295,talkstreaml rush limbaugh stream live httpstcocvhzjbee0h rushlimbaugh eib tcot talkradio talkright gop,0.13636363636363635,Positive
296,wapo articl white offici ramp new tax cut talk seek sharp contrast 2020 httpstco5aqopengd2,0.0037878787878787845,Positive
297,worst coup attempt russiag morph ukraineg stephen cohen ukrain vital secur httpstcor118vzre4h,-0.45,Negative
298,alim20698746 blame everi lame person vote wasnt bright enough inform real purpos moder,0.10000000000000002,Positive
299,2021_free mental unstabl protect mental unstabl could possibl go wrong httpstcoxvsrco3fyk,-0.2333333333333333,Negative
300,levhavryliv anders_aslund zelenskyyua deserv treatment withdraw ua forc ua territori appoint proru,0.0,Neutral
301,state dept 2 tell senat awar ukrainelink quid pro quo offer httpstcoyxerwvvplf,0.0,Neutral
302,bbcworld housejudiciari per pelosi impeach solemn howev sad victori took skill 2 achiev httpstcogm5zyhoon6,-0.5,Negative
303,mi understood geniu gue hast heard electr vehicl yet httpstcochw2wulfpo,0.0,Neutral
304,two disput judici nomine could help reach mileston httpstcougftqhwqy5 benladen httpstcoiifg15bm3h,0.0,Neutral
305,repthompson help put rig democraci 2016 republican httpstcoglg7rv9yip,0.0,Neutral
306,impeach httpstcofchoo9bh0c impeachmentinquiri impeachandremov impeachmentresolut httpstcozmpqcwcns9,0.0,Neutral
307,hotnewhiphop love kanyewest famili mutual jesusisk httpstcoh6wv1p0efx,0.5,Positive
308,part 1 jimmyfallon interview discus 5m offer obama tower atrium tweet 57th st crane,0.0,Neutral
309,weeklyworldnew devil beef ghost stripper pumpkin bear wwn hotsheet weeklyworldnew halloween pumpkinpatch pumpkin tri,0.0,Neutral
310,reveal name heroic dog wound albaghdadi raid oct 31 1258 pm et video onsit httpstcokn1dldrbc1,0.7,Positive
311,counti host ralli 2016 saw 226 increas hate crime connect dot fund httpstcoplmxsnawvv,-0.8,Negative
312,save coal make peopl sick new york time administr set undo ob httpstco92dzkdqw8q,-0.288961038961039,Negative
313,jankel01 victori ride 2 roll itdallasbrownin16 ec_kag jankel01 aug1405 bluepit19651 joelr9801 spitfiretyler1 tcf,0.0,Neutral
314,time clean deepstat purg administr leaker httpstcox2bzaf2jyd,0.3666666666666667,Positive
315,rudivranckx imposs pronounc he safe,0.5,Positive
316,chris_a10_usa mother tortur isi hostag kaylamuel daughter might still aliv obama decis,0.0,Neutral
317,nigel_farag interview go propaganda piec lbc potu ill give miss lbc,-0.3,Negative
318,zeusfanhous watch live liber blame california wildfir kill religi scholar baghdadi leftist cant,0.043181818181818175,Positive
319,rvawonk isnt juri tamperingbriberi cc speakerpelosi repadamschiff jerrynadl httpstcosshf3rzfvt,0.0,Neutral
320,ea monocle24 downgrad deleg key asian summit scottlucas_ea w georginagodwin httpstco56nbgmhrkv,0.0,Neutral
321,tonypapa9 okthi make littl incredul honesti fight high drug pricesa littl bwaahahahaha,0.16,Positive
322,arnoldpeterso13 true howev still outrag theyr deni due process railroadi httpstcozredvzdigi,0.11249999999999999,Positive
323,repres vote approv rule process httpstcoiw4d0hkt6l,0.0,Neutral
324,amy_siskind ivankatrump arent run govern ruin govern crime spree,0.0,Neutral
325,scenario get subpoena appear court bos say dont honor subpoena ask judg help httpstcotgciz0ozgc,0.0,Neutral
326,isabellabc nicolledwallac often think father time wonder turnin httpstcowhxxfnj2h4,0.0,Neutral
327,white reaction pelosi sham presid done noth wrong know httpstco6wyvruokzz,-0.2333333333333333,Negative
328,andyostroy bullshit one go substanc cant defend indefens cant def,0.0,Neutral
329,wish fan would treat peopl good treat dog httpstcogmmew6ento,0.7,Positive
330,dailybeanspod pl consid tri newlyconjur nongend douchebag altern awesom podca httpstcopjewkb4jnq,0.0,Neutral
331,batshit crazi way character impeachmentinquiri ukrain httpstcoe5tvinfuqb,0.0,Neutral
332,thegreatfeath thank republican hold line stand right choos presid one,0.2857142857142857,Positive
333,colonelcrystal1 unhing reaction ukrain call bc fear worm open,0.0,Neutral
334,oil oott wti 60 talk aw exagger credibl core issu includ httpstco1fflkapjni,0.0,Neutral
335,thehil devinnun sound right part inaccur explain gop republican httpstcovcvhxywgeq,0.34285714285714286,Positive
336,glasnostgon vote formalis inquiri repres pas resolut formal,0.0,Neutral
337,andyostroy mani peopl say wont releas caninesoldi name barack true depth,0.35,Positive
338,alexmjordan aboard jordansviewexpress weekend face antifa soro radic socialist deepstat,0.0,Neutral
339,cnni republican said abl presid follow liar treator wors usa httpstcooaeu5yrg0z,0.0,Neutral
340,bipartisan fuck shown worldwid tv moment world seri victori trumpboo worldseri httpstco9lo57,-0.4,Negative
341,goplead time american voter returnthehous republican get real work law assist done r httpstcok7jxnszbvj,0.1,Positive
342,man threat america ride person vindict ticket destroy democraci httpstcoyxnhxhud4z,-0.2,Negative
343,let get done alreadi 3 year mani clown unveil impeachm httpstcodajz5muq9d,0.0,Neutral
344,guess dont like money that rais presid way would ever stop httpstcowxjkunhet3,0.0,Neutral
345,rob_rog happi halloween httpstcowtuuapigwj witchhunt witch whitehousehalloweencostum whiteh,0.0,Neutral
346,excit share latest addit etsi shop democrat blue wave tshirt httpstcop7ylrcpjct httpstcolmxxzopkk1,0.25,Positive
347,ad gop argument analog employe work cant fire steal httpstcot92yl3ahdu,0.0,Neutral
348,joseandr thank mlb invit immigr throw first pitch donald get boo world httpstconhiiwn7gj9,0.25,Positive
349,act love potion induc donaldjhoofforpresid,0.5,Positive
350,gopcomplicittraitor whore grovel foot sell voter cash main httpstcol6hnynsazc,0.16666666666666666,Positive
351,lubonlez great economi mr gdp 19 rate third quarter anoth sign econom slowdown alongsid,0.4,Positive
352,say fed hurt competit need cut rate httpstcojqxtngfget,0.0,Neutral
353,rashidatlaib protect countri dont mean countri sa,-0.3125,Negative
354,madg_lulu22 tri bribe wouldnt briber what gop supportragainst ongo abus,0.0,Neutral
355,potu news 2020 campaign ad met boo fan nation park news httpstcol0heovdnhi,0.0,Neutral
356,dumptrump gop disinform warfar endang america nation secur republican parti httpstcokvedzf7klh,0.0,Neutral
357,rudygiuliani need appl geniu help unlock iphon name cybersecur advis htt httpstcocjstob4rmh,0.0,Neutral
358,sencorygardn give break noth gun legisl moscowmitch lo httpstcom5tifl02uy,0.0,Neutral
359,follow httpstcof2df9ve9mi,0.0,Neutral
360,sometim laugh much kill dziadi happyhalloween trevornoah halloween2019 httpstcop83vvgmqjh,0.25,Positive
361,senatemajldr moscow bitch mean moscowmitch support play hand putin evil world govern,-0.65625,Negative
362,nathale1776 nicolledwallac maddow msnbc jaketapp andersoncoop chriscuomo cnn senat judgesjuror trum,0.0,Neutral
363,potu thursdaythought thursdaymotiv whitehous plea cleanup chang donaldtrump httpstcokezwbyxzp2,0.0,Neutral
364,carli simon turn donald thought kind repuls httpstco7amleufbba benladen httpstcof59zbrswrm,0.6,Positive
365,tonypaul45 parscal here think censor presid greatest presid lifetim,1.0,Positive
366,həyatın ağırlığı 삶의무게 perhap everyday halloween peutêtr que tou le jour hallow httpstcola3xbe3zwi,-0.2,Negative
367,tell realli get donald boo nation park even though game houston httpstcomy2sajqfpj,-0.4,Negative
368,oh thought took care new leader httpstco24a82h0fap,0.13636363636363635,Positive
369,pistochiniev carolalmero1 gopelecte voter alikeknow exactli theyr ok sort w httpstcozdmvmrhkk1,0.5,Positive
370,thehil goplead would laughabl wasnt devast know voter choic deter httpstcowp5kdjily1,0.0,Neutral
371,thursdaythought thursdaymorn lizrnc resolut stamp approv httpstcooaynl8kv9a,0.0,Neutral
372,retweet heard maga2020 maga httpstco7ynvfjwe50,0.0,Neutral
373,goplead your smart unfortun alon remov offic httpstconfpq5oloqw,0.21428571428571427,Positive
374,repdougcollin 12 wit agre whistleblow tri extort foreign power person httpstcoq1lsrvfyn,-0.125,Negative
375,gop follow openli cri victim lie process httpstcolbdoi9ljpg,-0.07500000000000001,Negative
376,dyslexic_adv mexican child deport still best halloween costum ever apart sexi nurs zombi like,0.5,Positive
377,cb618444 twitter stop polit ad matter jack tell u there 1 reason think hurt conserv,0.0,Neutral
378,helojap ingrahamangl republican start believ decor war veteran mueller earn bronz,0.0,Neutral
379,weedbik bribe speakerpelosi plea take note httpstcosngyktuo1i,0.0,Neutral
380,nation congratul upcom trumpmeltdown httpstcosor0rwdm1a,0.0,Neutral
381,ayal27300648 power caricatur 100 true usa eu nato rojava kurdistan saudiarabia isi nbc bbc httpst,0.35,Positive
382,gop cant run show decid show want cri foul let whine httpstcocgtyh4ox01,0.0,Neutral
383,seek meme warrior wealth prosper bravest fame freedom fortun cash prize httpstcoralnykuryv,0.0,Neutral
384,abakarmanani agre wsj one simplemind isolation answer america need strenghten tie,0.0,Neutral
385,1 121998 bill clinton impeach repres ground perjuri grand juri httpstcohc43penlu6,0.5,Positive
386,mention putin want protect puppet moscowmitch admit fix own httpstcoqfkdi4a2zd,0.6,Positive
387,donald nomine goe berserk confirm hear impeach trumpfascist trumptraitor collus httpstcoytllbmi0h,0.0,Neutral
388,river_lover4 presid success elimin terrorist abu bakr albaghdadi doesnt fit left neg preelec,0.2333333333333333,Positive
389,acyn goal post republican gop httpstcoxuntouepmp,0.0,Neutral
390,read muellertestimoni say ye respons could indict httpstcoz9jkv0dwjo,0.0,Neutral
391,mog7546 presid fail everi criterion ration realitybas decisionmak capac here psychiatrist lear,-0.5,Negative
392,cant bring watch news republibot back corrupt presid go watch httpstcouvyndtknlp,-0.25,Negative
393,best presid america ever who enough 2024 donaldjtrumpjr httpstcosbma5o9bhi,0.5,Positive
394,2020 trump2020 believ jesusisk pray leader,0.0,Neutral
395,stand firmli besid behind potu anytim day anywher patriot warrior geniu leader httpstcohei2ad7s7d,-0.4,Negative
396,commit felonybriberi give fundraisingcash gop_sen ahead impeachmenttri exbu httpstcoscnkmokkey,0.0,Neutral
397,joebiden son hunterbiden involv ukrain corrupt presid ask httpstco4kh75rhul,-0.5,Negative
398,offspr actual work live also dont drug screw dead brother wife httpstcobailpg3d6,-0.02121212121212122,Negative
399,dcreportmedia davidcayj lie crazi selfabsorb weekend httpstcopabuwniv0l albaghdadi,0.0,Neutral
400,andyostroy sound like manbabi woke colicki today fear parti loyal himtrump,0.3666666666666667,Positive
401,opensecretsdc properti profit polit spend httpstco1fkgcoq6pr httpstcov6v64tswht,0.0,Neutral
402,politico gone well rescind anyth he done punish american name hate httpstcoirlaxs0qc,-0.4,Negative
403,hks55 think would risk threaten cancel dec tariff increas still schedul httpstco4ludcwedbh,0.0,Neutral
404,outcom great unmatch wisdom kurdsbetrayedbytrump isi name successor slain leader al httpstcohl5f8tlpw,0.8,Positive
405,con artist demand blackmail unearn loyalti httpstcorsy1prntef,0.0,Neutral
406,time republican grow spine start think countri httpstco1z5drnc9aa,0.0,Neutral
407,daddi impeach might want anoth last name donaldjtrumpjr httpstco5x2gtuaxzq,0.0,Neutral
408,begin dismantl ricketi fenc impeachtrumpnow,0.0,Neutral
409,ppersnicketi john eisenberg whitehous legal advis nation secur issu restrict access ukrain document call,0.2,Positive
410,potu ingrahamangl thursdaythought thursdaymotiv whitehous plea cleanup httpstcoeaathx0prz,0.0,Neutral
411,artiststaci simmonsgmarlin walkaway gop colinpowel lost soul th httpstco7mwszx5b1j,0.0,Neutral
412,joeborellinyc erinmdurkin maggienyt real advoc courtroom mop floor lawyer abstain httpstcotxhetbkuz,0.2,Positive
413,art crimin deal,0.0,Neutral
414,like melaniatrump flotu plager obama occupi much real estat head httpstcoo0n5hx4rpf,0.2,Positive
415,someon anyon plz tell exactli impeach look actual proven reason httpstcob1krersyac,0.0,Neutral
416,reaganremn though mani republican privat deepli concern behavior one one would dare ho,0.0,Neutral
417,nanci pelosi halloween messag ironclad enough evid httpstcoat4jqyziz9,0.0,Neutral
418,ejinact everyon join other testifi today capitolhil highlight abandon scienc broken promis,-0.2625,Negative
419,confunctionist buy ad world seri claim he go chang washington he strong everyon wa,0.4333333333333333,Positive
420,deadder cartoon repost cartoonrepost trump2020 uspoli httpstcoqw5bzbys9r,0.0,Neutral
421,zemanlynnz senatemajldr stop lie moscowmitchmcconnel republican committe hear mitchi theyr,0.0,Neutral
422,peopl outsid dc realli care impeachmentinquiri never accept 2016 e httpstconipso4tk34,0.0,Neutral
423,joe biden past comment come back haunt httpstcougftqhwqy5 benladen trumpthekidswerecri isi httpstcojuelce3wdx,-0.125,Negative
424,sure want scare trick treat child much tonight halloween2019 httpstcojtqtx1lw2t,0.35,Positive
425,never forget american support presid spike video deplor brexit demonis httpstcoec6bdtwzhg,0.0,Neutral
426,sassygirlboss cring agon damag daili he abomin httpstcowdzsr0ebdg,0.0,Neutral
427,foundingfath prepar politicalprocess interest thepeopl httpstcoqmmcy4rmgu,0.0,Neutral
428,realdlhughley america believ see hear lie eye liar who abus job here th,0.0,Neutral
429,stonekeeper3 magalovedavid_in_dalla happen kidsthey r tryin mandat vaccin r bein chipp,0.0,Neutral
430,sl11669749 steve scalis almost die wacko leftist influenc wacko push impeachmen,-0.05,Negative
431,dont say borisjohnsonli bori go selloff nh stopbrexit saveournh httpstconrex2tbr84,0.0,Neutral
432,releas inquiri rule amid new testimoni httpstcougftqhwqy5 benladen httpstcoeqdawj2yeo,0.13636363636363635,Positive
433,approv ground rule democratl inquiri newsvideo breakingnew youtub httpstcow8buuadm0a,0.0,Neutral
434,prayingmed watch gregrharvey broadcast listen halloween inspir talk faith love cbd maga http,0.5,Positive
435,lackey jasoninthehous think controversi event occur barackobama httpstcoo2blkvth2m,0.0,Neutral
436,speakerpelosi full b much botox put trade bill need httpstcopuilvjgxvh,0.275,Positive
437,ushous formal process landmark httpstco87okdd6cvg,0.0,Neutral
438,dailycal stevescalis warn scalisetraitor countri damn chicken almost die bein httpstco1jwfdxlvsf,-0.6,Negative
439,later whitehous issu formal statement say unhing ob illegitim httpstcohnmy5lm3j8,0.0,Neutral
440,way door mark trumpimpeach httpstcoynrsmuwzcc,0.0,Neutral
441,21wire video plenti legitim reason baghdadi isi stori doesnt add syria idlib conan thur,0.0,Neutral
442,jerusalemvow good morn bless presid great support jerusalem citi david solomon,0.75,Positive
443,get extrem graphic describ death abubakralbaghdadi colbertlateshow stephenathom httpstcodiy9jyhdyw,0.0,Neutral
444,massimomessina1 let flip poll hater httpstcohsa9oc6jpm,0.0,Neutral
445,aboutnothing77 good job donaldjtrumpjr day news honest breakingnew msm httpstcoji,0.6499999999999999,Positive
446,qanon rudi back giuliani warn truth emerg surpris pa httpstconayrj5kbrd,0.0,Neutral
447,unhing reaction ukrain call bc fear worm openi httpstcorw1vuj4w2w,0.0,Neutral
448,break repres formal inquiri httpstcoqnfksmgkor httpstco0ddoiftpkg,0.0,Neutral
449,circumst would almost certainli ground investig also 18 usc 20 httpstco3i6068th0i,0.0,Neutral
450,isi confirm albaghdadi death name successor announc came four day presid annou httpstconuqnsfxbzt,0.0,Neutral
451,w_mead_ repkevinbradi plentyofevid justifi impeachmentinquiri sell soul speak,0.0,Neutral
452,lubonlez ugli america time reflect beauti land preserv nativ american mo,0.0,Neutral
453,hanslak jaxalemani tomstey realli look happi tom congratul law realli stil,0.0,Neutral
454,lizcheney_wi corruptpresd gop 4 american peopl u argueprocess howev httpstco0phucyxeiv,0.0,Neutral
455,respond 7 word inquiri resolut httpstcod2tsd7o4vv news httpstco6uasftfrnb,0.0,Neutral
456,send russia httpstcowipqo3mljv,0.0,Neutral
457,alexmjordan searod3 stlpc jherd6 amicah1 italia191 censoredc1 mickelodool kagrevolut tweets4poppi httpstco8sbtiavfhi,0.0,Neutral
458,justafan18 sassygirlboss cring agon damag daili he abomin trumprussiacollus,0.0,Neutral
459,tri destroy america donothingdemocrat hate american love power call congress p httpstcolkva5vpayq,-0.125,Negative
460,rasmussen_pol 17 identifi httpstco3zwlzysgqk breakingpol httpstcojf8z7nxxc,0.0,Neutral
461,murray file motion bankruptci court throw collect bargain agreement union httpstco8qtggennxd,0.0,Neutral
462,good news see moscowmitch houseoversight 2 thing justic may swift persist httpstco3pogrftd7i,0.7,Positive
463,lucyknows1 would potu trust pelosi schiff nation secur oper pelosi schiff control,0.0,Neutral
464,mightybusterbro exorcist terrifi video democrat demon posse potu americafirst dobb maga liberal,0.0,Neutral
465,theatlant shansquar comfort speakerpelosi handl far httpstcoip074jdnk3,0.1,Positive
466,probe pre becom offici bring httpstcolyjqhri5gq via youtub httpstcorpqwebvvav,0.0,Neutral
467,cnni republican would follow monkey profit matter problem creat push httpstcooa8sq064jt,-0.05,Negative
468,forexflowl say vote pas next step investig ongo fx risk still,0.0,Neutral
469,get littl nervou mayb although senat mayb relax switch netflix httpstcoaucdic420q,0.0,Neutral
470,breakingnew foie gra ban newyork new yorker react ill go back franc respond nik httpstcoi0lzfqiylz,-0.12121212121212122,Negative
471,noamchomskey motiv 110 1 constitu know theyr destroy world httpstconl7czd8pdz,-0.2,Negative
472,china doubt longterm trade deal possibl question futur negoti reflect chang httpstcopqiv6k5094,0.0,Neutral
473,mnutti let clear surpris senat control republican vote pattern would differ,0.10000000000000002,Positive
474,stevescalis use rule pas republican 2015 democrat w httpstcobygbdmatq8,0.0,Neutral
475,rush limbaugh right white temporarili 48 year httpstco2016afzhzq,0.14285714285714285,Positive
476,magaloveretirednikitam tri tri triedcallin em frustrat patriotfriend mani cr httpstco3uagrspxvp,0.0,Neutral
477,potu like keepingaraccoon pet httpstcovytryfpyli,0.0,Neutral
478,write_sens repmattgaetz sinc day one occup takeov republicanparti lie cover,0.0,Neutral
479,lbc 1800 farag interview wonder much bullshit get one convers sho httpstcoy9wtynmfrj,0.2,Positive
480,petaflopsmchod1 goplead everi american get chanc see everi witn httpstconciav6qgqz,0.0,Neutral
481,well well well farag borisgetsament lbc httpstconzk9ly5e04,0.0,Neutral
482,rocketmandomain think presid wake f donthecon putinspuppet usa governm httpstcov6z3c7szkt,0.0,Neutral
483,potu thursdaythought thursdaymotiv whitehous plea cleanup chang donaldtrump httpstcoqketlmpfgd,0.0,Neutral
484,respond httpstcorgfusdvnax httpstcoceirrqb6ol,0.0,Neutral
485,adamparkhomenko cant imagin foolish donor must feel give money person claim httpstcoirxyulexul,0.0,Neutral
486,ericciaramella realli socal whistleblow whole narr decim httpstcolssegtjah,0.2,Positive
487,make america great thingstrumpsay iamtrump iwin america,0.8,Positive
488,estefaniarobin2 potu tweet 818 oct 26 2019 818 h1h hillari 1 hussain 1 8 19 8 mors code h hill,0.0,Neutral
489,confunctionist pompeo say obama one corruptli withheld militari aid ukrain foxnew jack thank,0.0,Neutral
490,divid formal inquiri 232196 set rule futur proceed httpstcoonmz0hcuij,0.0,Neutral
491,shouldnt make fun anyon struggl technolog problem qualif natl secur httpstcon2hxnca2kg,0.3,Positive
492,2 billionair alreadi bought sold congress mean absolut noth httpstcoqo26c70tbn,-0.3125,Negative
493,davidcayj lie crazi selfabsorb weekend httpstcopabuwniv0l albaghdadi,0.0,Neutral
494,rudi giuliani need appl store geniu bar help unlock iphonea month made httpstcoo6wejpvd1o,0.0,Neutral
495,republican vote rule httpstcovui47cxmt5,0.0,Neutral
496,chang washington trump2020 tcot keepamericagreat httpstco1rkdiq3urk,0.0,Neutral
497,russia like damn thought sure gonna dumptrump nope escap like teflondon wait httpstcojsarvwvxrn,0.5,Positive
498,potu thursdaythought thursdaymotiv whitehous plea cleanup chang donaldtrump httpstcocohxemgb6h,0.0,Neutral
499,roondog248 favor though dousafavorthough impeachmentiscom impeachtrump httpstcor6saruohc,0.0,Neutral
500,guerillartist impeachmentinquiri worldserieschamp join nba warriorsst wnba washmyst other champion b,-0.125,Negative
501,neither manchin berni senat shouldnt presid mani qualifi ethic httpstcommgaeerfu5,0.0,Neutral
502,zen224 proceed call orang crush impeachmentinquiri impeachtrump,0.0,Neutral
503,csojourn child tie bed rape sent thug threaten live famili later epstein,0.06818181818181818,Positive
504,done excel job alright excel creat hate dodg constitutionlockhimup httpstco2xgy756wel,-0.8,Negative
505,extrump advis morrison said concern ukrain associ press govern politicalview httpstco6uulsiqgvr,0.0,Neutral
506,what happen what next inquiri httpstcougftqhwqy5 benladen httpstco9ux3hpwsrt,0.0,Neutral
507,donald darl offici whitehous halloween statement ask america httpstcouiva7ohl9i,0.0,Neutral
508,lizcheney_wi wrong potu crimin support crime mount httpstcogxziwdy7dq,-0.5,Negative
509,justinamash warn gop disingenu frivol fals defens take httpstcohnale7wj9j,0.0,Neutral
510,let republican hang want cross parti die keep httpstcop0swcr66uf,0.0,Neutral
511,republican cultist deaf blind amaz trumpli trumpliesmatt trumpcrimefamili httpstcon9qk8axbqf,-0.5,Negative
512,charlesppierc heidi_cuda well probabl saw christmasparti putin employe,0.0,Neutral
513,need get seriou legal team read georgeconway garbag white defens virtual g httpstcohfj0vzv0ww,0.1,Positive
514,fake news folksit fake httpstcosvqa7mrtdq,-0.5,Negative
515,reactionari court support doj may rule dissolut obamacar httpstcoz0a2jcaufq,0.0,Neutral
516,republican shame hide like coward behind parti line first impeachmentinquiri httpstcoephjtrfwrd,-0.07500000000000001,Negative
517,rnc poll support rise amid democrat effort httpstcoyw11zeoav0 news feedli httpstco4jw0caijwx,0.0,Neutral
518,recent made new video definit worth time check havent alreadi httpstcoamclgynkin,0.14545454545454545,Positive
519,andrew yang newsweek cover itshappen yang2020 ubi autom robot job trucker bitcoin newyorkc httpstco53pnwlues4,0.0,Neutral
520,baronreed4 let forget stif thousand contractor work properti casino 3500 su,0.0,Neutral
521,pelosi right need 2 impeach noth celebr 1 republican vote ignor rule httpstco61iipu4d6p,0.2857142857142857,Positive
522,andyostroy lincoln leav noth tomorrow done today fdr thing fear fear,0.0,Neutral
523,whitehous presssec bulli rope deliv knock blow,0.0,Neutral
524,terrycoffey2555 braden_ros that besid dont know sdni store,0.0,Neutral
525,oil oott wti say phase one trade deal repres 60 overal longterm agreement httpstcohhnznfyvrn,0.0,Neutral
526,thomas_bind wrench moral grin mask empir selfcrit western realis alway,0.0,Neutral
527,checkout sandi assault riffl dog biscuit pumpkin peanut butter happyhalloween kag maga trump2020 httpstcoxafhvcnh4i,0.0,Neutral
528,church143 twitter other push violenc street wont pretti folk love great nation maga q,0.39166666666666666,Positive
529,statespol arizona presidenti elect 2020 v bidenwarrensand azsen2020 emerson 10251028 901 rv analysi p,0.8,Positive
530,interest gain expens countri constitut think he httpstcomkfzd1hpjb,0.0,Neutral
531,conservamomusa conclud circu formal procedur hope lead 2 later articl,0.0,Neutral
532,like ask jamescomey letflynngo republican implor let donaldtrump go httpstcox2gx6a5ce3,0.0,Neutral
533,soggystella1 repthompson help put rig democraci 2016 republican,0.0,Neutral
534,two disput judici nomine could help reach mileston httpstco7amleufbba benladen httpstcoy7qdikdsgr,0.0,Neutral
535,presidenti shield permit wreck ball constitut whit httpstcorcr61ahfa4,0.0,Neutral
536,what tv saturday saturday night live nbc httpstco7amleufbba benladen trumpthekidswerecri httpstcojvl0bvatba,0.13636363636363635,Positive
537,kellyannepol sure famous critic build busi back littl guy httpstcocahzxasuxr,0.3333333333333333,Positive
538,getanalysi santiagomayer_ read blog post httpstcop2xlvst7pp bizarr hold cow republican httpstcorv,-0.13333333333333333,Negative
539,margaretcox2299 capatosta122 joemanchin westvirginian favor ye need better retir httpstconbcvwsubtv,0.5,Positive
540,andyostroy oh youv chang washington alright youv turn cesspool dishonesti corrupt,-0.5,Negative
541,potu trump2020 campaign true scumbag httpstcoljuc4bjv30,0.35,Positive
542,denbrot campaign run place advertis rofl whitehous,0.8,Positive
543,kamalaharri wrestler ugli one lay 1000 creat million job win httpstcoojhcgbz5zq,0.8,Positive
544,ukraineschem read new develop confirm pompeo barr allin corrupt scheme httpstcofw1qcqqg46,-0.18181818181818182,Negative
545,repatt1 chart defens depart say defens depart publish fals httpstco3sanymprzz,0.0,Neutral
546,charliekirk11 never order ask investig 2016 interfer hillari ask investig httpstco70htdbkudd,0.0,Neutral
547,thehil goplead got help russian 2016 never denounc took putin word httpstcoe6m4h380qo,0.0,Neutral
548,oh4peacesak bill_maxwell_ gezz devinnun way around tri uphold constitut,0.0,Neutral
549,seem like work even harder thing happen g httpstcofpstpzxcsv,-0.1,Negative
550,riverpapa thekohl americanlurk theeconomist riverpapa current upper hand opposit form httpstcoxfflrtzloa,0.0,Neutral
551,potu thursdaythought thursdaymotiv whitehous plea cleanup chang donaldtrump httpstcombg5orqqfz,0.0,Neutral
552,would say salem witch trial 1692 wors witchhunt,0.0,Neutral
553,magaloveretirednikitamso true other block hadnt initi itonc awarethey took httpstcooqbeenznxf,0.11249999999999999,Positive
554,basebal life polit httpstcoktzfj3eil dancubia mlb httpstcoelz7dma39f,0.0,Neutral
555,deadder cartoon repost cartoonrepost trump2020 uspoli httpstcoqnhkh9vyxt,0.0,Neutral
556,veteran 82nd airborn challeng veteran contact traitor rep tree liberti httpstcorjkwkluhnq,0.0,Neutral
557,blunt abus power sinc day one accord kill isi jeopard secur httpstcorqodmrspjz,0.0,Neutral
558,day 2019 today politico report reward sencorygardn thomtilli httpstcofgyqauqumk,0.0,Neutral
559,presid putin bitch shortsleev unisex tshirt httpstco4ba436ujzg via etsi impeach httpstcoqdxxumms7i,0.0,Neutral
560,good job donaldjtrumpjr day news honest breakingnew msm httpstcojihjc1lcz4,0.6499999999999999,Positive
561,republican say let 2020 make decis noth colleg elector gave constitut httpstcoptpiqd1dxq,0.0,Neutral
562,god will nightmar erdoğan jihadi idyl kurd christian httpstcowbyhetlmmj,0.0,Neutral
563,jeffvandrew collinpeterson shame impeachandremov gop httpstcoedjvvg9hbb httpstcovyxmu3up3d,0.0,Neutral
564,vote formalis inquiri httpstco2vkpppnb5q,0.0,Neutral
565,votingfemai break vote along parti line approv sham resolut two dem measur httpst,-0.2,Negative
566,repatt1 here anoth one dont believ everyth tell ask ivana marla melania httpstcotdgh7ljrvh,0.0,Neutral
567,lucidmanag analys trumpworld visualis ownership relat busi network rstat networkanalysi http,0.0,Neutral
568,thehrh sad thing come light commit crime gop peopl like vili httpstcotrdotxghtu,-0.04999999999999999,Negative
569,pamelakruse4 legereit lmchristi1 separ agreement definit piggyback eo total globalist agenda hope,0.0,Neutral
570,the_hindu presid donald react almost instantli call probe greatest witch hunt american histor,0.5,Positive
571,inquiri proceed impeach trumpfascist trumptraitor collus httpstcoq2aenormpa,0.0,Neutral
572,ye keep open mind hear evid congressmanjvd knew process would move f httpstcojwqcaofzgp,0.0,Neutral
573,rudi giuliani announc plan obstruct justic httpstcougftqhwqy5 isi benladen trumpthekidswerecri httpstcokhudtuzpea,0.0,Neutral
574,carminesabia trick presid yeah dont know civil human take seriou,0.0,Neutral
575,zemanlynnz gloriou day constitut impeachmentvot republicansforimpeach rep,0.0,Neutral
576,lie lie lie fiction get dramat time httpstcougftqhwqy5 benladen httpstco1vf46k8abz,0.0,Neutral
577,know great held account action republican expo httpstcosgspcf1ayi,0.45,Positive
578,get jim jordan mad wear suit jacket ha ha nanci pelosi play yall httpstco2d2fvcgdic,-0.625,Negative
579,joshrogin kurteichenwald wsj anoth tramp fail,-0.5,Negative
580,believ reincarn donaldtrump ivankatrump reincarn popealexandervi aka httpstcojcq6ljo0ao,0.0,Neutral
581,upoliticsnow rep procedur first time thursday httpstcoi80aoqgyfz impeachtrum,0.25,Positive
582,lanamiersen nelsonwendella that exactli doingaccus misde bide,0.0,Neutral
583,lailainshassi let sum despit evid illeg misconduct corruptgop still support corruptpresid,0.0,Neutral
584,stupid racism corrupt power trumpsregim makesomenois httpstcoa4cjkbmhcf,-0.6499999999999999,Negative
585,repres pas resolut formal proceed inquiri p httpstco0wd8ng663a,0.0,Neutral
586,stwuk donald come london decemb 3rd attend nato summit summit crucial opportun movem,0.0,Neutral
587,comment chair intellig committe aka refus defend httpstcod7qi7ktfb,0.0,Neutral
588,honest question regard vote formal begin open aspect httpstcoqluekpf0yg,0.3,Positive
589,goplead justinamash warn gop disingenu frivol fals defens take,0.0,Neutral
590,let flip poll hater httpstcohsa9oc6jpm,0.0,Neutral
591,purplemeatbal goplead time american voter returnthehous republican get real work law assist done repu,0.1,Positive
592,presid plea keep good work keep swing expo crook 4 httpstcom2hkfpnbwo,0.7,Positive
593,aka seat end term focu blockin httpstcogcpsjyvptv,0.0,Neutral
594,take youv never salem massachusett witchhunt happyhalloween httpstcobudrhodc7w,0.0,Neutral
595,ogi summer 2019 edit click httpstcong4zuuyczx sign free digit magazin su httpstcosy0to2jc3v,0.4,Positive
596,cnn dana bash said hear presid donald might tri withhold campaign fund vuln httpstconsf6wwcytg,0.0,Neutral
597,theimpatientpa1 rudi retribut rudi back giuliani warn truth emerg surpris,0.0,Neutral
598,hope012015 real reason donaldjtrumpjr wish biden wouldnt repeatedli bitch slap,0.2,Positive
599,foxnew today brought world number one traitor justic sick deprav man httpstcodncfnmu3az,-0.7142857142857143,Negative
600,tri compar thoma jefferson evil traitor father disgust vile like father httpstcoi7teephnri,-1.0,Negative
601,votingfemai ericciaramella realli socal whistleblow whole narr decim http,0.2,Positive
602,jenelaina ataturkaskerikh lisaspioradsaor carlnasman one justifi genocid gop,0.0,Neutral
603,potu greggjarrett thursdaythought thursdaymotiv whitehous plea cleanup httpstcoygtux6myfm,0.0,Neutral
604,wow piec crap debbiewassermanschultz debbieshultz id told stick httpstcorkblj6ghzl,-0.35000000000000003,Negative
605,twizzlersraw1 water boilingand noodl readi get soft republican cri babi,0.1,Positive
606,signewilk truth come trumpmeltdown impeachmentiscom httpstcodtl90a2yka,0.0,Neutral
607,rudi retribut rudi back giuliani warn truth emerg surpris httpstcowztjg1izdi,0.0,Neutral
608,sharoncarbin donaldtrump intern evil distort face le 3 year hair still dy barackobama hair,-1.0,Negative
609,prayer potu trump2020landsidevictori democratsaredestroyingamerica democratshavelosttheirdamnmind,0.0,Neutral
610,donaldtrump intern evil distort face le 3 year hair still dy barackobama httpstcokllvyjjsoy,-1.0,Negative
611,vote formalis inquiri usa httpstcohuyicqdfy0,0.0,Neutral
612,that scoop lbc httpstcojnmkrg7ohx,0.0,Neutral
613,troop head syria kurd reject offer merg sdf syria httpstco0mb5mvtoj via youtub httpstcohxgi9h5fhz,0.0,Neutral
614,lesserevil vote boomer like got america aw atla symptom wrong httpstcovwbig2gvyg,-0.5,Negative
615,stevescalis court law would lock way got point lockthemallup lockhimup impeachandremov,0.0,Neutral
616,worldnew stori boast economi undercut weak middleclass pay gain news httpstcodgbmjeswd5,-0.375,Negative
617,donald panic move backfir spectacularli impeach trumpfascist trumptraitor collus httpstcotuetxhqz5i,0.0,Neutral
618,elzey_t manchin say wouldnt back sander presidenti race httpstcokbyhhdbeha thursdaythought thursdaymo,0.0,Neutral
619,rafshmatko today maestro shmatko present marbl bust donald donaldtrump usa http,0.0,Neutral
620,wont wonder never see trumpcrimefamili donni jr man inherit httpstcony0bwv6qua,0.0,Neutral
621,white offici ramp new tax cut talk seek sharp contrast 2020 realli httpstcoevvak9dxqd,0.0037878787878787845,Positive
622,real top help bottom save money femtop outpourlgbtq outpourtransl outpour phillylgbtq philli httpstcovlijskrf87,0.75,Positive
623,case wonder obsequi look like twitter evangel httpstcor2bzcswloq,0.0,Neutral
624,economiclead sinc presid tax cut consumpt strong busi invest seven quarter sinc,0.4333333333333333,Positive
625,almostfuri goplead goplead kevin mccarthi putin russia allroadsleadtoputin hres660,0.0,Neutral
626,better gopthedemocrat httpstcoox0f5tgwvx,0.5,Positive
627,um uh durrrr best peopl httpstcodbzwthhu7r,1.0,Positive
628,presid donald react almost instantli thursday landmark repres greenlightin httpstcozn6jykxbrv,0.0,Neutral
629,washingtonpost doubt treat like dog,0.0,Neutral
630,vote open new phase trumpimpeach inquiri set stage dramat public hear httpstco3bqzpkrsbq,0.04545454545454545,Positive
631,donaldjtrumpjr vindman total absolut leftist veteran babybonespur branch httpstcooapp6lgfiw,-0.016666666666666666,Negative
